product_id,rating,sentiment
B07JW9H4J1,4.2,Positive
B098NS6PVG,4.0,Positive
B096MSW6CT,3.9,Positive
B08HDJ86NZ,4.2,Positive
B08CF3B7N1,4.2,Positive
B08Y1TFSP6,3.9,Positive
B08WRWPM22,4.1,Positive
B08DDRGWTJ,4.3,Positive
B008IFXQFU,4.2,Positive
B082LZGK39,4.0,Positive
B08CF3D7QR,4.3,Positive
B0789LZTCJ,4.2,Positive
B07KSMBL2H,4.4,Positive
B085DTN6R2,4.2,Positive
B09KLVMZ3B,4.1,Positive
B083342NKJ,4.4,Positive
B0B6F7LX4C,4.2,Positive
B082LSVT4B,4.0,Positive
B08WRBG3XW,4.1,Positive
B08DPLCM6T,4.3,Positive
B09C6HXFC1,4.5,Positive
B085194JFL,3.7,Positive
B09F6S8BT6,4.3,Negative
B09NHVCHS9,4.0,Positive
B0B1YVCJ2Y,4.3,Positive
B01M4GGIVU,4.2,Positive
B08B42LWKN,4.2,Positive
B094JNXNPV,4.0,Positive
B09W5XR9RT,4.4,Positive
B077Z65HSD,4.3,Positive
B00NH11PEY,4.5,Positive
B09CMM3VGK,4.0,Positive
B08QSC1XY8,4.3,Positive
B008FWZGSG,4.3,Positive
B0B4HJNPV4,3.9,Positive
B08Y1SJVV5,3.9,Positive
B07XLCFSSN,4.4,Positive
B09RZS1NQT,4.0,Positive
B0B3MMYHYW,4.2,Negative
B09C6HWG18,4.2,Positive
B00NH11KIK,4.5,Positive
B09JPC82QC,4.3,Positive
B07JW1Y6XV,4.2,Positive
B07KRCW6LZ,4.3,Positive
B09NJN8L25,4.0,Positive
B07XJYYH7L,3.3,Negative
B002PD61Y4,4.1,Positive
B014I8SSD0,4.4,Positive
B09L8DSSFH,3.6,Positive
B07232M876,4.2,Positive
B07P681N66,4.4,Positive
B0711PVX6Z,4.2,Positive
B082T6V3DT,4.3,Positive
B07MKFNHKG,4.2,Positive
B0BFWGBX61,4.1,Positive
B01N90RZ4M,3.7,Positive
B0088TKTY2,4.2,Positive
B09Q5SWVBJ,4.2,Positive
B0B4DT8MKT,4.2,Positive
B08CDKQ8T6,4.3,Positive
B07B275VN9,3.7,Positive
B0B15CPR37,4.3,Positive
B0994GFWBH,4.0,Positive
B01GGKZ0V6,4.2,Positive
B09F9YQQ7B,4.2,Positive
B014I8SX4Y,4.4,Positive
B09Q8HMKZX,4.1,Positive
B0B9XN9S3W,4.3,Positive
B07966M8XH,4.2,Positive
B01GGKYKQM,4.3,Positive
B0B86CDHL1,4.5,Positive
B0B5ZF3NRK,4.1,Positive
B09RFC46VP,4.2,Positive
B08R69VDHT,4.0,Positive
B09RWZRCP1,4.1,Positive
B09CMP1SC8,4.1,Positive
B09YLXYP7Y,4.0,Positive
B09ZPM4C2C,4.1,Positive
B0B2DJDCPX,3.9,Positive
B0BCZCQTJX,4.0,Positive
B07LGT55SJ,4.2,Positive
B09NKZXMWJ,4.0,Positive
B08QX1CC14,3.4,Positive
B0974H97TJ,4.4,Positive
B07GVGTSLN,4.2,Positive
B09VCHLSJF,4.2,Negative
B0B1YZX72F,4.3,Positive
B092BJMT8Q,4.3,Positive
B0BMXMLSMM,4.5,Positive
B07JH1C41D,4.2,Positive
B0141EZMAI,3.6,Positive
B09Q5P2MT3,4.2,Positive
B08HDH26JX,4.2,Positive
B09VT6JKRP,4.1,Positive
B09T3KB6JZ,4.2,Positive
B093QCY6YJ,3.7,Positive
B093ZNQZ2Y,3.8,Positive
B08LKS3LSP,3.7,Positive
B00V4BGDKU,4.5,Positive
B08CHKQ8D4,4.1,Positive
B09BW334ML,4.3,Positive
B082T6GVLJ,4.3,Positive
B07DL1KC3H,4.0,Positive
B0B6F98KJJ,4.2,Positive
B07JNVF678,4.2,Positive
B09QGZFBPM,4.3,Positive
B07JGDB5M1,4.2,Positive
B0981XSZJ7,4.3,Positive
B0B9XLX8VR,4.3,Positive
B08Y5KXR6Z,3.9,Positive
B09F6VHQXB,4.1,Positive
B0974G5Q2Y,4.3,Positive
B09YL9SN9B,4.3,Positive
B09RX1FK54,4.1,Positive
B09TT6BFDX,4.5,Positive
B09KH58JZR,4.1,Negative
B09DDCQFMT,3.6,Positive
B08RP2L2NL,3.5,Positive
B0B4G2MWSB,4.0,Positive
B0B21C4BMX,3.8,Positive
B084MZXJNK,4.4,Positive
B0BHZCNC4P,3.7,Positive
B0B16KD737,4.3,Positive
B099K9ZX65,4.1,Positive
B08Y55LPBF,4.2,Positive
B015OW3M1W,4.1,Positive
B01D5H8ZI8,4.3,Negative
B09X1M3DHX,4.2,Positive
B09MM6P76N,4.2,Positive
B01D5H8LDM,4.4,Positive
B0B1YY6JJL,4.3,Positive
B09QGZM8QB,4.3,Positive
B08L4SBJRY,4.0,Positive
B09X79PP8F,3.9,Positive
B082T6GVG9,4.2,Negative
B0B3XY5YT4,4.3,Positive
B0B4HKH19N,3.9,Positive
B08TGG316Z,4.6,Positive
B071VMP1Z4,3.9,Negative
B071SDRGWL,4.3,Positive
B08PSQRW2T,4.1,Positive
B0859M539M,4.4,Positive
B08RX8G496,3.2,Positive
B002SZEOLG,4.2,Positive
B08CS3BT4L,4.2,Positive
B00RFWNJMC,3.7,Negative
B082T6GXS5,4.5,Positive
B09CMQRQM6,4.2,Positive
B005LJQMCK,4.2,Positive
B09C6H53KH,4.2,Positive
B0BB3CBFBM,4.1,Positive
B08QSDKFGQ,4.3,Positive
B08PV1X771,4.3,Negative
B07YTNKVJQ,4.3,Positive
B0117H7GZ6,3.4,Positive
B09XJ1LM7R,4.3,Negative
B084N133Y7,4.4,Positive
B088Z1YWBC,3.9,Positive
B07VSG5SXZ,4.1,Positive
B08RWCZ6SY,3.9,Positive
B07KSB1MLX,4.0,Positive
B081FG1QYX,4.3,Positive
B08R69WBN7,4.0,Positive
B0B3RHX6B6,3.9,Positive
B084N18QZY,4.5,Positive
B081NHWT6Z,3.9,Positive
B07JPJJZ2H,4.2,Positive
B09JKNF147,4.0,Positive
B0B9959XF3,4.3,Positive
B09PNR6F8Q,4.0,Positive
B07M69276N,4.4,Positive
B0B1YZ9CB8,4.3,Positive
B09YLYB9PB,4.0,Positive
B08CTNJ985,4.3,Positive
B0BP7XLX48,5.0,Positive
B09LHXNZLR,3.7,Positive
B0B3N8VG24,4.0,Positive
B08PSVBB2X,4.1,Positive
B0B3MQXNFB,4.0,Positive
B08XMSKKMM,3.3,Positive
B09L8DT7D6,3.8,Positive
B00GE55L22,4.1,Positive
B0162K34H2,4.1,Positive
B0B8SRZ5SV,4.4,Positive
B07CWNJLPC,4.3,Positive
B00NH12R1O,4.3,Positive
B0B8SSC5D9,4.4,Positive
B08WKG2MWT,4.3,Positive
B0B466C3G4,3.9,Positive
B005LJQMZC,4.2,Positive
B07MDRGHWQ,4.2,Positive
B07DC4RZPY,4.1,Positive
B0B15GSPQW,4.3,Positive
B08GJNM9N7,3.7,Positive
B09C6FML9B,4.1,Positive
B0B65MJ45G,3.9,Positive
B08P9RYPLR,4.0,Positive
B0B6F8HHR6,4.2,Positive
B084MZXJN6,4.4,Positive
B08XMG618K,4.1,Positive
B0BCKWZ884,4.3,Positive
B00GGGOYEK,3.8,Positive
B07ZR4S1G4,4.4,Positive
B09C635BMM,4.0,Positive
B00GG59HU2,4.4,Positive
B00RGLI0ZS,4.0,Positive
B09ZPJT8B2,4.2,Positive
B07HZ2QCGR,3.9,Positive
B095244Q22,3.7,Positive
B08CKW1KH9,3.6,Positive
B0BLV1GNLN,4.0,Positive
B08RHPDNVV,3.5,Positive
B00NH13Q8W,4.5,Positive
B0B8SSZ76F,4.2,Positive
B0841KQR1Z,3.8,Positive
B0B467CCB9,3.8,Positive
B095JQVC7N,4.1,Positive
B08PPHFXG3,4.3,Positive
B06XR9PR5X,4.4,Positive
B09JSW16QD,3.9,Positive
B07JH1CBGW,4.2,Positive
B09127FZCK,3.8,Positive
B083GQGT3Z,4.1,Positive
B09Q8WQ5QJ,4.1,Positive
B07YZG8PPY,4.3,Positive
B09H39KTTB,3.7,Positive
B08DCVRW98,4.0,Positive
B0718ZN31Q,4.2,Positive
B0162LYSFS,4.1,Positive
B07PFJ5VQD,4.3,Positive
B01J8S6X2I,4.4,Positive
B09MJ77786,4.3,Positive
B09NNGHG22,4.3,Positive
B07V5YF4ND,3.5,Positive
B0B65P827P,3.9,Positive
B084MZYBTV,4.5,Positive
B097ZQTDVZ,3.4,Positive
B0B5F3YZY4,4.0,Positive
B09G5TSGXV,4.0,Positive
B006LW0WDQ,4.4,Positive
B09YLX91QR,4.0,Positive
B081FJWN52,4.3,Positive
B0758F7KK7,4.0,Positive
B09L835C3V,4.2,Positive
B098TV3L96,3.8,Positive
B08NCKT9FG,4.4,Positive
B0B4T6MR8N,3.9,Positive
B01GGKZ4NU,4.2,Positive
B09BW2GP18,3.9,Positive
B09WN3SRC7,4.7,Positive
B09B125CFJ,3.6,Positive
B09RQRZW2X,3.7,Positive
B07924P3C5,4.2,Positive
B08N1WL9XW,4.0,Positive
B07VVXJ2P5,3.6,Negative
B0BC8BQ432,4.3,Positive
B06XFTHCNY,4.2,Positive
B08CT62BM1,4.3,Positive
B07CRL2GY6,4.2,Positive
B07DWFX9YS,4.2,Positive
B01D5H90L4,4.4,Positive
B07F1P8KNV,4.2,Positive
B084N1BM9L,4.4,Positive
B09F6D21BY,3.0,Negative
B09LQQYNZQ,4.5,Negative
B0BC9BW512,4.3,Positive
B0B61HYR92,4.2,Positive
B075ZTJ9XR,4.4,Positive
B0978V2CP6,4.0,Positive
B09LRZYBH1,3.8,Positive
B0B997FBZT,4.3,Positive
B098LCVYPW,4.2,Positive
B09HV71RL1,4.1,Positive
B08PZ6HZLT,4.0,Positive
B075TJHWVC,4.2,Positive
B09LV13JFB,3.3,Negative
B092BL5DCX,4.3,Positive
B09VH568H7,3.8,Positive
B09HQSV46W,4.2,Positive
B08TZD7FQN,3.7,Positive
B0B21XL94T,4.3,Positive
B09PTT8DZF,3.9,Positive
B0B94JPY2N,3.0,Positive
B0B3XXSB1K,4.3,Positive
B08RZ12GKR,3.5,Positive
B0B4T8RSJ1,3.9,Positive
B0B7B9V9QP,4.0,Positive
B08XXVXP3J,4.3,Negative
B06XGWRKYT,3.8,Positive
B07CWDX49D,4.3,Positive
B09TY4MSH3,3.3,Positive
B07RY2X9MP,4.5,Positive
B0B2C5MJN6,4.1,Positive
B0BBMGLQDW,4.2,Positive
B01LONQBDG,4.1,Positive
B08XXF5V6G,4.4,Positive
B09HK9JH4F,4.2,Positive
B09MMD1FDN,3.9,Positive
B09HN7LD5L,4.0,Positive
B0BNDD9TN6,4.5,Positive
B0941392C8,3.7,Negative
B01M5967SY,4.2,Positive
B016MDK4F4,4.2,Positive
B08G43CCLC,4.2,Positive
B0B61GCHC1,4.3,Positive
B07RX14W1Q,4.4,Positive
B09PLD9TCD,4.2,Positive
B0B8ZKWGKD,4.3,Positive
B09NNJ9WYM,3.7,Positive
B08H5L8V1L,4.3,Positive
B0B8CXTTG3,4.2,Positive
B09HCH3JZG,4.4,Positive
B097JVLW3L,3.5,Positive
B09SB6SJB4,4.1,Positive
B08NW8GHCJ,4.3,Positive
B09YHLPQYT,4.2,Positive
B08G1RW2Q3,4.0,Positive
B08YXJJW8H,3.9,Positive
B09P8M18QM,3.3,Positive
B08BG4M4N7,3.8,Positive
B07VJ9ZTXS,4.0,Positive
B084872DQY,4.3,Positive
B00GGGOYEU,3.9,Positive
B08FD2VSD9,4.2,Positive
B0BQRJ3C47,5.0,Positive
B095JPKPH3,4.1,Positive
B087JWLZ2K,3.9,Positive
B09DSXK8JX,4.2,Positive
B08V9C4B1J,4.3,Positive
B08PKBMJKS,3.8,Positive
B0B8VQ7KDS,4.3,Positive
B086JTMRYL,4.4,Positive
B09RWQ7YR6,4.3,Positive
B00OFM6PEO,4.3,Positive
B0BF57RN3K,4.2,Positive
B0B3RRWSF6,4.3,Positive
B0B5B6PQCT,3.8,Positive
B08HV83HL3,4.3,Positive
B0BBN4DZBD,4.0,Positive
B0B3CPQ5PF,4.3,Positive
B0B3CQBRB4,4.3,Positive
B0BBN56J5H,4.0,Positive
B0BBN3WF7V,4.0,Positive
B0BDRVFDKP,4.4,Positive
B0B5LVS732,4.1,Positive
B09V2Q4QVQ,4.0,Positive
B09V12K8NT,3.9,Positive
B01DEWVZ2C,4.1,Positive
B0BMGB3CH9,4.2,Positive
B08D77XZX5,3.9,Positive
B09XB8GFBQ,4.0,Positive
B07WG8PDCW,4.0,Positive
B07GPXXNNG,4.1,Positive
B0BDYVC5TD,4.4,Positive
B0BMGB2TPR,4.2,Positive
B08MC57J31,4.3,Positive
B08HVL8QN3,4.3,Positive
B0746JGVDS,3.9,Positive
B08VFF6JQ8,4.4,Positive
B09NVPSCQT,4.0,Positive
B09YV4RG4D,4.2,Positive
B09TWHTBKQ,4.1,Positive
B08L5HMJVW,4.4,Positive
B0B4F2XCK3,4.1,Positive
B0BF54972T,4.2,Positive
B09YV4MW2T,4.2,Positive
B09TWH8YHM,4.1,Positive
B07WGMMQGP,4.0,Positive
B0BF563HB4,4.2,Positive
B07JW9H4J1,4.2,Positive
B09GFPVD9Y,4.1,Positive
B09GFLXVH9,4.1,Positive
B0BF4YBLPX,4.2,Positive
B09XB7DPW1,4.0,Positive
B07PFJ5W31,4.3,Positive
B0B3N7LR6K,4.3,Positive
B09ZQK9X8G,4.1,Positive
B098NS6PVG,4.0,Positive
B07WJV6P1R,4.1,Positive
B096MSW6CT,3.9,Positive
B0BF54LXW6,4.2,Positive
B09XB7SRQ5,4.0,Positive
B09FFK1PQG,4.4,Positive
B09RMQYHLH,4.2,Positive
B08ZN4B121,3.8,Positive
B0B3RSDSZ3,4.3,Positive
B08VB34KJ1,4.2,Positive
B09T39K9YL,3.9,Positive
B08VF8V79P,4.4,Positive
B08G28Z33M,4.0,Positive
B09PNKXSKF,4.0,Positive
B0B5DDJNH4,3.8,Positive
B08HDJ86NZ,4.2,Positive
B08CF3B7N1,4.2,Positive
B07WDKLDRX,4.4,Positive
B09MQSCJQ1,4.2,Positive
B094YFFSMY,4.0,Positive
B09MT84WV5,4.3,Positive
B08VS3YLRK,4.1,Positive
B0B4F3QNDM,4.1,Positive
B07GQD4K6L,4.1,Positive
B07WDKLRM4,4.1,Positive
B0BP18W8TM,4.4,Positive
B08Y1TFSP6,3.9,Positive
B07GXHC691,4.3,Positive
B08FN6WGDQ,4.0,Positive
B0B3D39RKV,4.3,Positive
B085HY1DGR,4.0,Positive
B08D75R3Z1,3.6,Positive
B0B4F2TTTS,4.1,Positive
B09WRMNJ9G,4.2,Positive
B0B14MR9L1,4.1,Positive
B09ZPL5VYM,4.1,Positive
B0993BB11X,4.0,Positive
B09V2PZDX8,4.0,Positive
B085W8CFLH,3.5,Positive
B09MT6XSFW,4.3,Positive
B07RD611Z8,4.1,Positive
B08WRWPM22,4.1,Positive
B0B4F52B5X,4.1,Positive
B096VF5YYF,4.1,Positive
B0B5D39BCD,3.8,Positive
B08DDRGWTJ,4.3,Positive
B082LZGK39,4.0,Positive
B09XBJ1CTN,4.2,Positive
B0B4F5L738,4.1,Positive
B08MTCKDYN,4.1,Positive
B09QS8V5N8,4.1,Positive
B08CF3D7QR,4.3,Positive
B09T2WRLJJ,3.9,Positive
B089WB69Y1,4.0,Positive
B0116MIKKC,4.5,Positive
B09P858DK8,4.0,Positive
B07DJLFMPS,4.0,Positive
B07WHQWXL7,4.1,Positive
B07WDK3ZS6,4.1,Positive
B09T2S8X9C,3.9,Positive
B07S9S86BF,4.1,Positive
B07N8RQ6W7,4.1,Positive
B09FKDH6FS,4.0,Positive
B08HVJCW95,4.3,Positive
B09YDFDVNS,4.0,Positive
B07WGPKTS4,4.1,Positive
B0789LZTCJ,4.2,Positive
B09MZCQYHZ,4.0,Positive
B0B4F2ZWL3,4.1,Positive
B08VB2CMR3,4.2,Positive
B095RTJH1M,4.6,Positive
B097R25DP7,4.0,Positive
B09YDFKJF8,4.0,Positive
B07WDK3ZS2,4.3,Positive
B08RZ5K9YH,4.3,Positive
B08444S68L,4.2,Positive
B07WHQBZLS,4.0,Positive
B085DTN6R2,4.2,Positive
B09JS562TP,4.0,Positive
B09KLVMZ3B,4.1,Positive
B09V17S2BG,3.9,Positive
B0B5CGTBKV,3.8,Positive
B0B23LW7NV,4.7,Positive
B09KGV7WSV,4.3,Positive
B0971DWFDT,4.2,Positive
B0BNV7JM5Y,4.1,Positive
B0B53QFZPY,3.3,Negative
B083342NKJ,4.4,Positive
B07WJWRNVK,4.0,Positive
B01F25X6RQ,4.2,Positive
B09C6HXFC1,4.5,Positive
B0B244R4KB,4.6,Positive
B0BMGG6NKT,4.2,Positive
B082LSVT4B,4.0,Positive
B092JHPL72,3.7,Positive
B08WRBG3XW,4.1,Positive
B09GFM8CGS,4.1,Positive
B0B3MWYCHQ,4.2,Positive
B09J2MM5C6,4.2,Positive
B07Q4QV1DL,4.5,Positive
B0B56YRBNT,3.8,Positive
B09NHVCHS9,4.0,Positive
B01DF26V7A,4.1,Positive
B08K4PSZ3V,3.8,Positive
B0B4F1YC3J,4.1,Positive
B08K4RDQ71,3.8,Positive
B085CZ3SR1,4.2,Positive
B09YV3K34W,4.2,Positive
B09Z6WH2N1,4.2,Positive
B09NL4DJ2Z,4.0,Positive
B0BGSV43WY,3.5,Positive
B0926V9CTV,4.3,Positive
B07WGPKMP5,4.1,Positive
B0BBFJ9M3X,3.9,Positive
B09PLFJ7ZW,3.9,Positive
B0B53NXFFR,3.3,Negative
B07GNC2592,4.0,Positive
B09TP5KBN7,4.0,Positive
B0949SBKMP,4.0,Positive
B09V175NP7,3.9,Positive
B07WHSJXLF,4.3,Positive
B0BD3T6Z1D,4.1,Positive
B09LHYZ3GJ,4.1,Positive
B07WFPMGQQ,4.3,Positive
B09QS9X9L8,4.1,Positive
B0B6BLTGTT,4.1,Positive
B077Z65HSD,4.3,Positive
B09W5XR9RT,4.4,Positive
B084DTMYWK,4.2,Positive
B0B53QLB9H,3.3,Negative
B0BDYW3RN3,4.4,Positive
B0B3RS9DNF,4.3,Positive
B09QS9X16F,4.1,Positive
B08HV25BBQ,4.0,Positive
B09LJ116B5,4.1,Positive
B0BMVWKZ8G,4.3,Negative
B0BD92GDQH,3.8,Positive
B08Y1SJVV5,3.9,Positive
B0B5GF6DQD,3.7,Positive
B09JS94MBV,4.0,Positive
B09YV463SW,4.2,Positive
B07XLCFSSN,4.4,Positive
B09NL4DCXK,3.9,Positive
B0B8CHJLWJ,4.5,Positive
B0B8ZWNR5T,4.2,Positive
B0BBFJLP21,3.9,Positive
B01F262EUU,4.2,Positive
B09VZBGL1N,4.1,Positive
B0BNVBJW2S,4.1,Positive
B0B2DJ5RVQ,4.3,Positive
B096TWZRJC,4.1,Positive
B09GP6FBZT,4.3,Positive
B0B3DV7S9B,3.6,Positive
B09MKP344P,4.1,Positive
B08JW1GVS7,4.0,Positive
B09LHZSMRR,4.1,Positive
B0B5V47VK4,4.3,Positive
B08H21B6V7,3.9,Positive
B09BNXQ6BR,4.1,Positive
B01FSYQ2A4,4.1,Positive
B08L5FM4JC,4.4,Positive
B0B54Y2SNX,3.8,Positive
B08BQ947H3,4.3,Positive
B082T6V3DT,4.3,Positive
B0B7DHSKS7,3.5,Positive
B09SJ1FTYV,4.0,Positive
B09XJ5LD6L,3.9,Positive
B07WHS7MZ1,4.3,Positive
B0BBVKRP7B,2.8,Positive
B09NY7W8YD,3.8,Positive
B0BMM7R92G,4.5,Positive
B08M66K48D,4.3,Positive
B09RFB2SJQ,4.1,Positive
B0B82YGCF6,3.0,Positive
B08HF4W2CT,4.0,Positive
B08BCKN299,3.9,Positive
B0B2X35B1K,4.1,Positive
B09QS9CWLV,4.1,Positive
B0B1NX6JTN,4.3,Positive
B078G6ZF5Z,4.0,Positive
B0BBW521YC,4.4,Positive
B09HSKYMB3,4.3,Positive
B09YV42QHZ,4.2,Positive
B09BF8JBWX,3.8,Positive
B0B5YBGCKD,4.3,Positive
B01GGKYKQM,4.3,Positive
B09MY4W73Q,4.3,Positive
B08R69VDHT,4.0,Positive
B09T37CKQ5,3.9,Positive
B09GFPN6TP,4.1,Positive
B0B298D54H,3.7,Positive
B08VB57558,4.2,Positive
B09CMP1SC8,4.1,Positive
B09YLXYP7Y,4.0,Positive
B0B9BXKBC7,4.6,Positive
B09NY6TRXG,3.9,Positive
B09NVPJ3P4,4.0,Positive
B0B3NDPCS9,4.3,Positive
B09VGKFM7Y,4.4,Positive
B07QCWY5XV,4.1,Positive
B098QXR9X2,4.1,Positive
B07H1S7XW8,4.1,Positive
B0BNXFDTZ2,4.4,Positive
B088ZFJY82,4.5,Positive
B0B4F4QZ1H,4.1,Positive
B09BCNQ9R2,4.2,Positive
B0B9BD2YL4,4.5,Positive
B071Z8M4KX,4.1,Positive
B09N3ZNHTY,3.9,Positive
B0B3RRWSF6,4.3,Positive
B0B5B6PQCT,3.8,Positive
B005FYNT3G,4.3,Positive
B01J0XWYKQ,4.4,Positive
B09CTRPSJR,3.8,Positive
B08JQN8DGZ,3.8,Positive
B0B72BSW7K,3.5,Positive
B0BDRVFDKP,4.4,Positive
B0B5LVS732,4.1,Positive
B08TV2P1N8,4.1,Positive
B07XCM6T4N,4.3,Positive
B07T5DKR5D,3.5,Positive
B01DEWVZ2C,4.1,Positive
B07PR1CL3S,4.1,Positive
B09V12K8NT,3.9,Positive
B07JQKQ91F,3.9,Positive
B08W56G1K9,4.1,Positive
B07WG8PDCW,4.0,Positive
B01L8ZNWN2,4.2,Positive
B009VCGPSY,4.3,Positive
B0B296NTFV,4.1,Positive
B09NVPSCQT,4.0,Positive
B09YV4RG4D,4.2,Positive
B07TCN5VR9,3.9,Positive
B00ZYLMQH0,4.3,Positive
B09YV4MW2T,4.2,Positive
B01HJI0FS2,4.5,Positive
B076B8G5D8,4.0,Positive
B07JW9H4J1,4.2,Positive
B014SZO90Y,4.5,Positive
B07KCMR8D6,4.3,Positive
B00N1U9AJS,3.9,Positive
B07KY3FNQP,4.1,Positive
B0B3N7LR6K,4.3,Positive
B07QZ3CZ48,4.2,Positive
B09T3H12GV,4.2,Positive
B098NS6PVG,4.0,Positive
B096MSW6CT,3.9,Positive
B09ZQK9X8G,4.1,Positive
B08ZJDWTJ1,4.5,Positive
B08FTFXNNB,3.7,Positive
B08YDFX7Y1,3.5,Positive
B08HDJ86NZ,4.2,Positive
B087FXHB6J,3.5,Positive
B07N42JB4S,4.3,Positive
B0B31BYXQQ,3.9,Positive
B08CF3B7N1,4.2,Positive
B07SLMR1K6,4.3,Positive
B09MQSCJQ1,4.2,Positive
B094YFFSMY,4.0,Positive
B092X94QNQ,4.1,Positive
B0846D5CBP,4.5,Positive
B00KXULGJQ,4.2,Positive
B08H9Z3XQW,4.1,Positive
B08LPJZSSW,3.9,Positive
B09MT84WV5,4.3,Positive
B08Y1TFSP6,3.9,Positive
B08CYPB15D,4.0,Positive
B085HY1DGR,4.0,Positive
B00MFPCY5C,3.5,Positive
B07JJFSG2B,4.3,Positive
B09NR6G588,3.8,Positive
B07JPX9CR7,4.4,Positive
B08D11DZ2W,3.7,Positive
B07Q7561HD,4.4,Positive
B0819HZPXL,4.4,Positive
B00LXTFMRS,4.4,Positive
B0B9LDCX89,4.2,Positive
B0765B3TH7,4.5,Positive
B0B1F6GQPS,3.8,Positive
B07LG59NPV,3.8,Positive
B07RD611Z8,4.1,Positive
B08WRWPM22,4.1,Positive
B00AXHBBXU,4.4,Positive
B08MCD9JFY,3.8,Positive
B083RCTXLL,4.2,Positive
B08HLZ28QC,4.1,Positive
B07GVR9TG7,4.4,Positive
B0856HY85J,4.1,Positive
B07CD2BN46,4.1,Positive
B07PLHTTB4,3.5,Positive
B077T3BG5L,3.6,Positive
B08DDRGWTJ,4.3,Positive
B079Y6JZC8,3.8,Positive
B0856HNMR7,4.0,Positive
B0B12K5BPM,3.9,Positive
B08MTCKDYN,4.1,Positive
B08CF3D7QR,4.3,Positive
B00LVMTA2A,4.4,Positive
B07TR5HSR9,4.3,Positive
B0819ZZK5K,4.3,Positive
B096VF5YYF,4.1,Positive
B08QJJCY2Q,4.4,Positive
B07L5L4GTB,4.4,Positive
B07L8KNP5F,3.8,Positive
B08CF4SCNP,3.8,Negative
B09XX51X2G,4.0,Negative
B01M72LILF,4.4,Positive
B07KSMBL2H,4.4,Positive
B00LZLQ624,4.5,Positive
B07DJLFMPS,4.0,Positive
B09GB5B4BK,4.0,Positive
B015ZXUDD0,4.3,Positive
B085DTN6R2,4.2,Positive
B09PL79D2X,3.8,Positive
B098K3H92Z,4.3,Positive
B09KLVMZ3B,4.1,Positive
B084PJSSQ1,4.3,Positive
B097R25DP7,4.0,Positive
B097C564GC,4.3,Positive
B08CYNJ5KY,4.2,Positive
B00Y4ORQ46,4.0,Positive
B074CWD7MS,4.4,Positive
B083342NKJ,4.4,Positive
B09C6HXFC1,4.5,Positive
B00A0VCJPI,4.2,Positive
B00UGZWM2I,4.1,Positive
B00R1P3B4O,4.5,Positive
B0B3MWYCHQ,4.2,Positive
B09DG9VNWB,4.3,Positive
B09Y5MP7C4,3.9,Positive
B01DJJVFPC,4.5,Positive
B07DFYJRQV,4.1,Positive
B08L879JSN,4.2,Positive
B08TDJNM3G,3.8,Positive
B06XSK3XL6,4.3,Positive
B07YNTJ8ZM,3.9,Positive
B09KGV7WSV,4.3,Positive
B08DPLCM6T,4.3,Positive
B07KR5P3YD,3.9,Positive
B08FB2LNSZ,3.7,Positive
B01IBRHE3E,4.2,Positive
B01N6LU1VF,4.3,Positive
B07XLML2YS,4.2,Positive
B086WMSCN3,3.9,Positive
B003B00484,4.3,Positive
B085194JFL,3.7,Positive
B09F6S8BT6,4.3,Negative
B003L62T7W,4.3,Positive
B09P18XVW6,3.9,Positive
B00LZLPYHW,4.4,Positive
B09NHVCHS9,4.0,Positive
B00NNQMYNE,4.5,Positive
B0B217Z5VK,3.9,Positive
B07B88KQZ8,4.3,Positive
B01M4GGIVU,4.2,Positive
B07Z3K96FR,4.1,Positive
B0756CLQWL,4.2,Positive
B004IO5BMQ,4.5,Positive
B09Z6WH2N1,4.2,Positive
B01HGCLUH6,4.2,Positive
B01N4EV2TL,4.3,Positive
B08MZQBFLN,4.0,Positive
B0752LL57V,4.5,Positive
B08K4PSZ3V,3.8,Positive
B09Z28BQZT,3.9,Positive
B094DQWV9B,4.0,Positive
B0BBMPH39N,4.1,Positive
B097JQ1J5G,3.4,Negative
B07YY1BY5B,4.0,Positive
B08VRMK55F,3.4,Positive
B08CHZ3ZQ7,4.3,Positive
B08SCCG9D4,3.9,Positive
B0972BQ2RS,4.1,Positive
B00ZRBWPA0,4.3,Positive
B0B2DD66GS,4.5,Positive
B09M869Z5V,4.2,Positive
B07W6VWZ8C,4.1,Positive
B07Z1X6VFC,4.4,Positive
B07YL54NVJ,4.3,Positive
B0759QMF85,4.3,Positive
B00LM4X0KU,4.3,Positive
B08PFSZ7FH,4.2,Positive
B012MQS060,4.1,Positive
B01MF8MB65,4.1,Positive
B00LHZWD0C,4.5,Positive
B08QDPB1SL,4.4,Positive
B07BRKK9JQ,4.3,Positive
B01EZ0X3L8,4.3,Negative
B00LM4W1N2,4.3,Positive
B0949SBKMP,4.0,Positive
B08YD264ZS,4.3,Positive
B094JNXNPV,4.0,Positive
B00GZLB57U,4.4,Positive
B07V82W5CN,4.0,Positive
B077Z65HSD,4.3,Positive
B08HD7JQHX,3.3,Positive
B0B31FR4Y2,3.7,Positive
B09Y14JLP3,4.1,Positive
B09ZHCJDP1,5.0,Positive
B08C4Z69LN,4.5,Positive
B016XVRKZM,3.9,Positive
B00LHZW3XY,4.4,Positive
B098JYT4SY,4.1,Positive
B08CFCK6CW,3.6,Positive
B09P564ZTJ,3.8,Positive
B07MSLTW8Z,3.6,Positive
B09N6TTHT6,4.2,Positive
B09W5XR9RT,4.4,Positive
B098R25TGC,3.8,Positive
B0B2PQL5N3,4.2,Positive
B07DKZCZ89,4.3,Positive
B08GYG6T12,4.4,Positive
B09BN2NPBD,4.1,Positive
B00J4YG0PC,4.4,Positive
B073BRXPZX,4.4,Positive
B08LHTJTBB,4.4,Positive
B07VTFN6HM,4.4,Positive
B008QS9J6Y,4.3,Positive
B09M8888DM,4.3,Positive
B07Z1YVP72,4.3,Positive
B082FTPRSK,4.2,Positive
B09RF2QXGX,4.3,Positive
B01KK0HU3Y,4.2,Positive
B07JF9B592,3.8,Positive
B086394NY5,4.3,Positive
B00NH11PEY,4.5,Positive
B017PDR9N0,4.1,Positive
B07NC12T2R,4.2,Positive
B07WKBD37W,4.0,Positive
B08JMC1988,4.1,Positive
B09GFN8WZL,4.1,Positive
B095X38CJS,4.3,Positive
B07ZKD8T1Q,4.5,Positive
B07G3YNLJB,4.5,Positive
B00P93X2H6,4.1,Positive
B0798PJPCL,4.3,Positive
B09GFWJDY1,3.6,Positive
B09MZ6WZ6V,4.4,Positive
B094QZLJQ6,4.5,Positive
B07L3NDN24,3.9,Positive
B08WD18LJZ,4.0,Positive
B09CMM3VGK,4.0,Positive
B06XDKWLJH,4.4,Positive
B01J1CFO5I,4.6,Positive
B07J2NGB69,4.4,Positive
B00MUTWLW4,4.4,Positive
B08QSC1XY8,4.3,Positive
B017NC2IPM,4.3,Positive
B00N1U7JXM,4.4,Positive
B08HQL67D6,4.0,Positive
B09RKFBCV7,4.2,Positive
B08KHM9VBJ,3.8,Negative
B01IOZUHRS,4.1,Positive
B00CEQEGPI,4.2,Positive
B08B6XWQ1C,4.2,Positive
B01DGVKBC6,4.4,Positive
B008FWZGSG,4.3,Positive
B08JD36C6H,4.1,Positive
B00E3DVQFS,4.4,Positive
B0B4HJNPV4,3.9,Positive
B00BN5SNF0,3.9,Positive
B09SGGRKV8,3.6,Positive
B07XLCFSSN,4.4,Positive
B09RZS1NQT,4.0,Positive
B084BR3QX8,3.5,Neutral
B09VC2D2WG,4.1,Positive
B09163Q5CD,4.1,Positive
B08K9PX15C,4.0,Positive
B083RD1J99,4.1,Positive
B09Z7YGV3R,4.0,Positive
B00N3XLDW0,3.8,Negative
B07Z53L5QL,4.3,Positive
B00P93X0VO,4.2,Positive
B07SBGFDX9,4.1,Positive
B09C6HWG18,4.2,Positive
B00NH11KIK,4.5,Positive
B07X2L5Z8C,4.6,Positive
B00VA7YYUO,4.3,Positive
B07L9FW9GF,4.0,Positive
B08D64C9FN,4.2,Positive
B07XJYYH7L,3.3,Negative
B00LOD70SC,4.3,Positive
B09X76VL5L,3.7,Positive
B091JF2TFD,3.9,Positive
B07S7DCJKS,4.3,Positive
B09NC2TY11,4.1,Positive
B0BDS8MY8J,4.2,Positive
B09X7DY7Q4,4.5,Positive
B09YV575RK,4.0,Positive
B08LW31NQ6,4.5,Positive
B09ND94ZRG,3.5,Positive
B00P93X6EK,4.5,Positive
B07KRCW6LZ,4.3,Positive
B0994GP1CX,3.3,Positive
B07H8W9PB6,4.1,Positive
B09NNHFSSF,3.8,Positive
B08D9NDZ1Y,3.5,Positive
B0085IATT6,4.1,Neutral
B08WJ86PV2,4.5,Positive
B078HRR1XV,4.4,Positive
B09P22HXH6,4.1,Positive
B00LM4X3XE,4.3,Positive
B09YLFHFDW,3.6,Positive
B07YWS9SP9,4.0,Positive
B002PD61Y4,4.1,Positive
B08WLY8V9S,4.5,Positive
B0873L7J6X,4.2,Positive
B07YNHCW6N,4.3,Positive
B07232M876,4.2,Positive
B01MQ2A86A,4.6,Positive
B00KIE28X0,4.5,Positive
B08BQ947H3,4.3,Positive
B0BHYJ8CVF,4.1,Positive
B0BCVJ3PVP,4.5,Positive
B0B2931FCV,3.5,Positive
B09TMZ1MF8,4.4,Positive
B07VV37FT4,4.2,Positive
B07P681N66,4.4,Positive
B07JB2Y4SR,4.4,Positive
B08KRMK9LZ,4.2,Positive
B08LT9BMPP,4.5,Positive
B082T6V3DT,4.3,Positive
B0814ZY6FP,3.8,Positive
B09F3PDDRF,3.9,Positive
B07X963JNS,4.0,Positive
B09LD3116F,4.1,Positive
B08Y5QJTVK,4.4,Positive
B00LY1FN1K,4.4,Positive
B07DJ5KYDZ,4.4,Positive
B009LJ2BXA,3.5,Positive
B09BVCVTBC,4.5,Positive
B0BFWGBX61,4.1,Positive
B07SY4C3TD,4.4,Positive
B094JB13XL,4.1,Positive
B08CRRQK6Z,4.2,Positive
B08MTLLSL8,4.2,Positive
B08Y57TPDM,4.3,Positive
B09CYTJV3N,4.3,Positive
B07GLNJC25,3.7,Positive
B08FY4FG5X,3.9,Positive
B07TMCXRFV,4.5,Positive
B01FSYQ2A4,4.1,Positive
B00LZPQVMK,4.0,Positive
B08X77LM8C,3.8,Positive
B01EJ5MM5M,3.4,Positive
B08J82K4GX,4.3,Positive
B07Z1Z77ZZ,4.3,Positive
B00DJ5N9VK,4.3,Positive
B0B4DT8MKT,4.2,Positive
B08FGNPQ9X,4.1,Positive
B07NTKGW45,4.0,Positive
B08CDKQ8T6,4.3,Positive
B08J4PL1Z3,4.0,Positive
B07XJWTYM2,4.1,Positive
B09939XJX8,4.0,Positive
B09MDCZJXS,3.8,Positive
B08CTQP51L,4.2,Positive
B0BG62HMDJ,4.3,Positive
B08GTYFC37,4.4,Positive
B08SBH499M,4.1,Positive
B08FYB5HHK,4.5,Positive
B0994GFWBH,4.0,Positive
B0B5GJRTHB,4.2,Positive
B09GBBJV72,3.9,Positive
B07P434WJY,4.3,Positive
B07T9FV9YP,4.0,Positive
B01GGKZ0V6,4.2,Positive
B08WKFSN84,4.3,Positive
B09TBCVJS3,4.2,Positive
B08TR61BVK,4.2,Positive
B0B2CPVXHX,4.1,Negative
B08XNL93PL,4.3,Positive
B088GXTJM3,4.3,Positive
B099S26HWG,4.2,Positive
B08461VC1Z,4.5,Positive
B00K32PEW4,4.4,Negative
B09F9YQQ7B,4.2,Positive
B07LFWP97N,4.1,Positive
B0746N6WML,4.3,Positive
B07W9KYT62,4.4,Positive
B0B5ZF3NRK,4.1,Positive
B08D9MNH4B,3.6,Positive
B078G6ZF5Z,4.0,Positive
B09MKG4ZCM,4.0,Positive
B07RZZ1QSW,4.4,Positive
B08BCKN299,3.9,Positive
B07222HQKP,4.3,Positive
B00NFD0ETQ,4.6,Positive
B075DB1F13,4.4,Positive
B0148NPH9I,4.5,Positive
B01JOFKL0A,3.9,Positive
B09Q8HMKZX,4.1,Positive
B079S811J3,4.3,Positive
B0083T231O,4.5,Positive
B086PXQ2R4,4.5,Positive
B07L1N3TJX,3.6,Positive
B07YFWVRCM,4.1,Positive
B01GGKYKQM,4.3,Positive
B08TDJ5BVF,3.8,Negative
B09XXZXQC1,4.6,Positive
B083T5G5PM,4.1,Positive
B0BHVPTM2C,4.0,Positive
B0B86CDHL1,4.5,Positive
B01NBX5RSB,4.3,Positive
B08MWJTST6,4.0,Positive
B07R99NBVB,4.5,Positive
B08R69VDHT,4.0,Positive
B00LY12TH6,4.5,Positive
B09RWZRCP1,4.1,Positive
B08497Z1MQ,4.3,Positive
B07KNM95JK,4.1,Positive
B09Q3M3WLJ,4.0,Positive
B09B9SPC7F,4.1,Positive
B09CMP1SC8,4.1,Positive
B099SD8PRP,4.4,Positive
B09YLXYP7Y,4.0,Positive
B00S2SEV7K,4.1,Positive
B08WKCTFF3,4.4,Positive
B08498D67S,4.3,Positive
B00C3GBCIS,4.2,Positive
B00URH5E34,3.6,Positive
B00EYW1U68,4.2,Positive
B08SMJT55F,4.2,Positive
B0B2DJDCPX,3.9,Positive
B08Y7MXFMK,4.2,Positive
B086Q3QMFS,4.5,Positive
B08498H13H,4.3,Positive
B07LFQLKFZ,4.2,Positive
B00LY17RHI,4.1,Positive
B07W14CHV8,4.1,Positive
B0B9BXKBC7,4.6,Positive
B09F5Z694W,3.8,Positive
B0B25LQQPC,4.3,Positive
B07GVGTSLN,4.2,Positive
B01LYLJ99X,4.2,Positive
B014SZPBM4,4.4,Positive
B08CZHGHKH,3.9,Positive
B0B2RBP83P,4.0,Positive
B078W65FJ7,4.2,Positive
B08S74GTBT,3.7,Positive
B0B9BD2YL4,4.5,Positive
B0BMXMLSMM,4.5,Positive
B0141EZMAI,3.6,Positive
B07QMRHWJD,4.3,Positive
B07W7Z6DVL,4.1,Positive
B07WMS7TWB,3.9,Positive
B00H47GVGY,3.6,Positive
B07VX71FZP,4,Positive
B07NCKMXVZ,4.1,Positive
B0B61DSF17,3.7,Positive
B07VQGVL68,3.9,Positive
B01LWYDEQ7,4.1,Positive
B07VNFP3C2,3.9,Negative
B00LUGTJGO,3.9,Positive
B01MQZ7J8K,3.9,Positive
B01GFTEV5Y,3.8,Positive
B00NW4UWN6,3.8,Positive
B01NCVJMKX,4.1,Positive
B00O24PUO6,4.1,Positive
B07GXPDLYQ,3.3,Positive
B01C8P29N0,4.2,Positive
B08KDBLMQP,4,Positive
B078JDNZJ8,4.3,Positive
B01M5F614J,4,Negative
B083GKDRKR,4.5,Positive
B097R2V1W8,4.1,Positive
B07YR26BJ3,4,Positive
B097R45BH8,4.2,Positive
B09X5C9VLK,3.8,Positive
B01C8P29T4,4.2,Positive
B00HVXS7WC,4.2,Negative
B096YCN3SD,3.6,Positive
B09LQH3SD9,3.8,Positive
B09KNMLH4Y,4.1,Positive
B00ABMASXG,4.1,Positive
B07QDSN9V6,4.1,Positive
B00YMJ0OI8,4.1,Positive
B0B8XNPQPN,4.2,Positive
B0814P4L98,4,Positive
B008QTK47Q,4.3,Positive
B088ZTJT2R,4.2,Positive
B0BK1K598K,4.2,Positive
B09Y5FZK9N,3.7,Positive
B09J2SCVQT,4.1,Positive
B00TDD0YM4,4.4,Positive
B078KRFWQB,3.8,Positive
B07SRM58TP,4,Positive
B00EDJJ7FS,4.2,Positive
B0832W3B7Q,3.8,Positive
B07WNK1FFN,4.2,Positive
B009P2LK08,4,Positive
B07DGD4Z4C,3.9,Positive
B07GMFY9QM,4.3,Positive
B0BGPN4GGH,3.8,Positive
B0B2DZ5S6R,4,Positive
B07S851WX5,4.2,Positive
B01MY839VW,4.2,Positive
B09LV1CMGH,3.6,Positive
B01EY310UM,4.3,Positive
B09NL7LBWT,4,Positive
B008YW8M0G,4.2,Positive
B097R3XH9R,4.1,Positive
B08TM71L54,4,Positive
B0BPBXNQQT,4.3,Positive
B00W56GLOQ,4,Positive
B0883KDSXC,3.9,Positive
B078V8R9BS,4.2,Positive
B08GSQXLJ2,4.1,Positive
B01M5B0TPW,4.4,Positive
B082KVTRW8,4,Positive
B08CFJBZRK,3.8,Positive
B07H3WDC4X,4,Positive
B09ZTZ9N3Q,3.1,Neutral
B083P71WKK,4.3,Positive
B097R4D42G,4.2,Positive
B07MKMFKPG,4.4,Positive
B0949FPSFY,4.1,Positive
B08F47T4X5,4.2,Positive
B01M0505SJ,4.1,Positive
B08D6RCM3Q,4.1,Positive
B009P2LITG,4.1,Positive
B00V9NHDI4,3.9,Positive
B07WGPBXY9,3.9,Positive
B00KRCBA6E,3.8,Positive
B0B3X2BY3M,4,Positive
B00F159RIK,4.2,Positive
B08MV82R99,4.1,Positive
B09VKWGZD7,4.3,Positive
B009P2LK80,3.7,Negative
B00A7PLVU6,4.2,Positive
B0B25DJ352,4.3,Positive
B013B2WGT6,4.3,Positive
B097RJ867P,4.4,Positive
B091V8HK8Z,3.8,Positive
B071VNHMX2,4.5,Positive
B08MVSGXMY,3.8,Positive
B00H0B29DI,3.8,Positive
B01GZSQJPA,4.1,Positive
B08VGFX2B6,4.1,Positive
B09GYBZPHF,3.8,Positive
B0B4KPCBSH,3.3,Negative
B09CGLY5CX,4,Positive
B09JN37WBX,4.6,Positive
B01I1LDZGA,3.9,Positive
B0BN2576GQ,3.7,Positive
B06XPYRWV5,4.2,Positive
B01N1XVVLC,4.1,Positive
B00O2R38C4,4.1,Positive
B0B2CZTCL2,3.8,Positive
B00PVT30YI,4.1,Positive
B00SH18114,4.6,Positive
B00E9G8KOY,4.1,Positive
B00H3H03Q4,4.2,Positive
B0756K5DYZ,3.9,Negative
B0188KPKB2,4.1,Positive
B091KNVNS9,4.1,Positive
B075JJ5NQC,4,Positive
B0B5KZ3C53,3.7,Positive
B09NTHQRW3,4.1,Positive
B008YW3CYM,4.1,Positive
B07QHHCB27,4.1,Positive
B0BMFD94VD,3.3,Positive
B00HZIOGXW,4.1,Positive
B09CKSYBLR,4.1,Positive
B072J83V9W,4.4,Positive
B09MTLG4TP,4.3,Positive
B097XJQZ8H,4.1,Positive
B00935MD1C,3.7,Positive
B0BR4F878Q,4.8,Positive
B0B3G5XZN5,4.5,Positive
B07WKB69RS,4,Positive
B09DL9978Y,4.1,Positive
B06XMZV7RH,3.9,Positive
B09WMTJPG7,4.1,Positive
B09ZK6THRR,4.2,Positive
B07MP21WJD,4.1,Positive
B09XB1R2F3,3.5,Positive
B08Y5QJXSR,4.3,Positive
B07WJXCTG9,3.9,Positive
B09NBZ36F7,4.2,Positive
B0912WJ87V,3.8,Positive
B0BMTZ4T1D,4.5,Positive
B07Z51CGGH,3.8,Positive
B0BDG6QDYD,4.1,Positive
B00YQLG7GK,4.2,Positive
B00SMJPA9C,4.1,Positive
B0B9RN5X8B,4.2,Positive
B08QW937WV,4.5,Positive
B0B4PPD89B,4,Positive
B08GM5S4CQ,4.4,Positive
B00NM6MO26,4,Positive
B083M7WPZD,4,Positive
B07GLSKXS1,3.9,Positive
B09F6KL23R,4,Positive
B094G9L9LT,3.8,Negative
B09FZ89DK6,4.2,Positive
B0811VCGL5,4.3,Positive
B07FXLC2G2,4.2,Positive
B01LYU3BZF,4.3,Positive
B083RC4WFJ,4.2,Positive
B09SFRNKSR,4.4,Positive
B07NRTCDS5,3.8,Positive
B07SPVMSC6,4.1,Positive
B09H3BXWTK,3.9,Positive
B0073QGKAS,4.3,Positive
B08GJ57MKL,4.4,Positive
B009DA69W6,3.6,Positive
B099PR2GQJ,3.8,Positive
B08G8H8DPL,4,Positive
B08VGM3YMF,4.1,Positive
B08TTRVWKY,4.3,Positive
B07T4D9FNY,4,Positive
B07RX42D3D,3.9,Negative
B08WRKSF9D,4.4,Positive
B09R83SFYV,3.7,Positive
B07989VV5K,3.6,Positive
B07FL3WRX5,3.7,Positive
B0BPCJM7TB,4,Positive
B08H673XKN,4.2,Positive
B07DXRGWDJ,3.8,Positive
B08243SKCK,4.2,Positive
B09SPTNG58,3.9,Positive
B083J64CBB,4,Positive
B08JV91JTK,4.1,Positive
B0BQ3K23Y1,4.8,Positive
B09MT94QLL,4.2,Positive
B07NKNBTT3,4.1,Positive
B09KPXTZXN,4,Positive
B078HG2ZPS,3.9,Positive
B07N2MGB3G,4.1,Positive
B008LN8KDM,4.3,Positive
B08MZNT7GP,4.1,Positive
B009P2L7CO,4.2,Positive
B07YC8JHMB,3.9,Negative
B0BNQMF152,3.7,Positive
B08J7VCT12,4.1,Positive
B0989W6J2F,4,Positive
B0B84KSH3X,3.8,Positive
B08HLC7Z3G,4.2,Positive
B0BN6M3TCM,4.6,Positive
B01L6MT7E0,4.1,Positive
B0B9F9PT8R,3.3,Positive
B0883LQJ6B,4.2,Positive
B099Z83VRC,4.3,Positive
B00S9BSJC8,4.3,Positive
B0B4SJKRDF,4.3,Positive
B0BM4KTNL1,4.7,Positive
B08S6RKT4L,4.4,Positive
B09SZ5TWHW,3.9,Negative
B0BLC2BYPX,4.7,Positive
B00P0R95EA,4.1,Positive
B07W4HTS8Q,3.8,Positive
B078JBK4GX,4.4,Positive
B08S7V8YTN,4.3,Positive
B07H5PBN54,3.4,Positive
B07YCBSCYB,4.2,Positive
B098T9CJVQ,3.7,Positive
B01KCSGBU2,4.3,Positive
B095XCRDQW,4.3,Positive
B09CTWFV5W,4.4,Positive
B0B7NWGXS6,4.1,Positive
B07DZ986Q2,4,Positive
B07KKJPTWB,4.4,Positive
B071R3LHFM,3.8,Positive
B086X18Q71,4.3,Positive
B07WVQG8WZ,3.8,Positive
B0BFBNXS94,2.3,Positive
B071113J7M,4.5,Positive
B09YLWT89W,4,Positive
B0814LP6S9,3.7,Positive
B07BKSSDR2,4,Positive
B09VGS66FV,4.4,Positive
B07RCGTZ4M,4.1,Positive
B0747VDH9L,4.4,Positive
B08XLR6DSB,3.1,Positive
B08H6CZSHT,4.3,Positive
B07CVR2L5K,4.4,Positive
B09J4YQYX3,4.4,Positive
B0B2DD8BQ8,4.1,Positive
B0123P3PWE,4.1,Positive
B08HDCWDXD,4,Positive
B0836JGZ74,3.6,Positive
B0BCKJJN8R,3.9,Positive
B008P7IF02,3.9,Positive
B08CNLYKW5,3.8,Positive
B08C7TYHPB,4.1,Positive
B08VJFYH6N,4.1,Positive
B08235JZFB,4.1,Positive
B078XFKBZL,3.8,Positive
B01M265AAK,4.3,Positive
B0B694PXQJ,4.5,Positive
B00B3VFJY2,4.2,Positive
B08W9BK4MD,3.9,Positive
B09X5HD5T1,3.5,Positive
B08H6B3G96,4.3,Positive
B09N3BFP4M,3.9,Positive
B09DSQXCM8,3.9,Positive
B01M69WCZ6,4,Positive
B0BM9H2NY9,4.7,Positive
B099FDW2ZF,4.1,Positive
B0B935YNR7,3.8,Positive
B07JGCGNDG,4.1,Positive
B08L12N5H1,|,Positive
B07GWTWFS2,4.1,Positive
B09KRHXTLN,3.9,Negative
B09H34V36W,3.8,Positive
B09J2QCKKM,4.1,Positive
B09XRBJ94N,4.3,Positive
B07SLNG3LW,3.9,Positive
B0BNDGL26T,2.8,Positive
B095PWLLY6,4,Positive
B07Y9PY6Y1,4.5,Positive
B0BJ966M5K,4.6,Positive
B086GVRP63,4.1,Positive
B08MVXPTDG,4.1,Positive
B0BMZ6SY89,3.4,Positive
B09P1MFKG1,4.6,Positive
B01LY9W8AF,4.2,Positive
B07ZJND9B9,3.9,Positive
B0B2CWRDB1,4.2,Positive
B072NCN9M4,4.2,Positive
B08SKZ2RMG,4.1,Positive
B0B53DS4TF,4.8,Positive
B08BJN4MP3,4.4,Positive
B0BCYQY9X5,4.3,Positive
B009UORDX4,4.3,Positive
B08VGDBF3B,4,Positive
B012ELCYUG,4.3,Positive
B07S9M8YTY,4,Positive
B0B19VJXQZ,4.4,Positive
B00SMFPJG0,4.1,Positive
B0BHYLCL19,3.6,Positive
B0BPJBTB3F,2,Positive
B08MXJYB2V,4,Positive
B081B1JL35,3.7,Positive
B09VL9KFDB,3.8,Positive
B0B1MDZV9C,3.9,Positive
B08TT63N58,3.1,Positive
B08YK7BBD2,3,Positive
B07YQ5SN4H,4,Positive
B0B7FJNSZR,4.4,Positive
B01N6IJG0F,4.1,Positive
B0B84QN4CN,3.6,Positive
B0B8ZM9RVV,4.4,Positive
B01892MIPA,4.2,Positive
B08ZHYNTM1,4.3,Positive
B09SDDQQKP,3.8,Positive
B0B5RP43VN,4.1,Positive
B096NTB9XT,4,Negative
B078JF6X9B,4.2,Positive
B08CGW4GYR,3.6,Positive
B00A328ENA,4.2,Positive
B0763K5HLQ,4.1,Positive
B09PDZNSBG,4.2,Positive
B085LPT5F4,3.9,Positive
B0B9RZ4G4W,4,Positive
B0085W2MUQ,4.2,Positive
B09474JWN6,4.2,Positive
B09G2VTHQM,4.1,Positive
B07R679HTT,4.4,Positive
B00B7GKXMG,4.1,Positive
B07H3N8RJH,4.2,Positive
B07K2HVKLL,4.1,Positive
B09MQ9PDHR,3.9,Positive
B014HDJ7ZE,3.9,Negative
B07D2NMTTV,4.2,Positive
B075K76YW1,4.2,Positive
B0BNLFQDG2,3.7,Positive
B082ZQ4479,3.7,Positive
B09Y358DZQ,3.4,Positive
B09M3F4HGB,4.2,Positive
B07VZH6ZBB,4,Positive
B07F366Z51,4.1,Positive
B077BTLQ67,3.9,Positive
B07YSJ7FF1,4,Positive
B07TXCY3YK,3.9,Positive
B07TC9F7PN,4.2,Positive
B09NS5TKPN,4.3,Positive
B00LP9RFSU,4,Positive
B0B7L86YCB,2.6,Negative
B09VPH38JS,3.8,Positive
B01MUAUOCX,4.5,Positive
B09MB3DKG1,3.5,Positive
B08QHLXWV3,3.9,Positive
B07G147SZD,4,Positive
B09LH32678,4,Positive
B09R1YFL6S,3.5,Positive
B07Q4NJQC5,4,Positive
B097RN7BBK,3.4,Positive
B097MKZHNV,4.2,Positive
B07LG96SDB,3.8,Negative
B08KS2KQTK,4.1,Positive
B095K14P86,4.2,Positive
B08K36NZSV,4.3,Positive
B07LDPLSZC,4.2,Positive
B07F1T31ZZ,4.1,Positive
B0BNDRK886,3.9,Positive
B09ZVJXN5L,3.3,Positive
B08JKPVDKL,4.3,Positive
B09JFR8H3Q,3.9,Positive
B07LDN9Q2P,4.3,Positive
B08T8KWNQ9,3.6,Positive
B07Y1RCCW5,3.8,Positive
B0762HXMTF,3.9,Positive
B00K57MR22,4.6,Positive
B07TTSS5MP,3.8,Positive
B09ZDVL7L8,3.9,Positive
B09XHXXCFH,4.1,Positive
B0BL3R4RGS,3.6,Positive
B07P1BR7L8,4.4,Positive
B078WB1VWJ,4.3,Positive
B0BP89YBC1,4.7,Positive
B09W9V2PXG,4.3,Positive
B09XTQFFCG,3.9,Positive
B08LVVTGZK,3.9,Positive
B07J2BQZD6,3.7,Positive
B07HK53XM4,3.5,Negative
B08RDWBYCQ,4,Positive
B09FHHTL8L,4.1,Positive
B0BHNHMR3H,3.9,Positive
B07D8VBYB4,4.4,Positive
B0B3TBY2YX,4.3,Positive
B088WCFPQF,4.5,Positive
B07JZSG42Y,4,Positive
B08YRMBK9R,3.9,Positive
B00935MGHS,4.2,Positive
B07B5XJ572,4.1,Positive
B086199CWG,3.7,Positive
B0BBWJFK5C,4.1,Positive
B07GLS2563,4.2,Positive
B09P182Z2H,4.3,Positive
B0B59K1C8F,3.6,Positive
B06Y36JKC3,4.1,Positive
B075S9FVRY,4.5,Positive
B08SJVD8QD,4.2,Positive
B07FJNNZCJ,4.3,Positive
B09MFR93KS,4,Positive
B07Y5FDPKV,4.2,Positive
B0756KCV5K,4.2,Positive
B0BJ6P3LSK,4.5,Positive
B09HS1NDRQ,3.8,Positive
B018SJJ0GE,4.4,Positive
B09FPP3R1D,4.1,Positive
B01F7B2JCI,4.2,Positive
B09NNZ1GF7,4.3,Positive
B01CS4A5V4,4.1,Positive
B0BL11S5QK,4.2,Positive
B09BL2KHQW,4.1,Positive
B081RLM75M,3.9,Positive
B07SYYVP69,3.9,Positive
B0BDZWMGZ1,3.8,Positive
B078JT7LTD,4.6,Positive
B09WF4Q7B3,3.6,Positive
B092R48XXB,4.1,Positive
B00KIDSU8S,4.2,Negative
B0977CGNJJ,4.3,Positive
B08WWKM5HQ,3.9,Positive
B015GX9Y0W,3.9,Positive
B089BDBDGM,4,Positive
B0BPBG712X,4.4,Positive
B00JBNZPFM,4.2,Positive
B08N6P8G5K,4.5,Positive
B07NPBG1B4,4.1,Positive
B01MRARGBW,4.1,Positive
B07VZYMQNZ,4.2,Positive
B01L7C4IU2,4.2,Positive
B09H7JDJCW,4,Positive
B07F6GXNPB,4.3,Positive
B0B97D658R,3.6,Positive
B09NFSHCWN,3.5,Positive
B076VQS87V,4.3,Positive
B09LMMFW3S,3.6,Positive
B0BBLHTRM9,2.9,Positive
B0BJYSCWFQ,4.2,Positive
B0187F2IOK,4.4,Positive
B0B8CB7MHW,4.1,Positive
B07K19NYZ8,3.8,Positive
B08ZXZ362Z,3.5,Positive
B00GHL8VP2,4.1,Positive
B0B9JZW1SQ,3.2,Positive
B00TI8E7BI,4.4,Positive
B07J9KXQCC,3.6,Positive
B0B3JSWG81,3.1,Positive
B08L7J3T31,4,Positive
B01M6453MB,4.1,Positive
B009P2LIL4,3.6,Positive
B00J5DYCCA,4,Positive
B01486F4G6,4.3,Positive
